{"epoch": 99, "train_loss": 4.18213929515332e-05, "train_accuracy": 1.6, "val_loss": 0.001584388597868383, "val_accuracy": 100.0, "_timestamp": 1714485588.2542324, "_runtime": 62.1694552898407, "_step": 99, "_wandb": {"runtime": 61}}