{"epoch": 81, "train_loss": 0.011940619234222075, "train_accuracy": 0.7513812154696132, "val_loss": 0.7030367057626419, "val_accuracy": 45.06077348066298, "_timestamp": 1714490489.1757205, "_runtime": 105.95264339447021, "_step": 81, "_wandb": {"runtime": 105}}