{"epoch": 99, "train_loss": 0.002855572828930386, "train_accuracy": 0.9668508287292817, "val_loss": 0.27291493718795357, "val_accuracy": 56.48618784530387, "_timestamp": 1714488657.5241845, "_runtime": 121.04429650306702, "_step": 99, "_wandb": {"runtime": 120}}